inicioEsp,finEsp,locutor,numEspectrograma,ratioNasal
3.2,3.45,nas20087,0,0.0
3.3,3.55,nas20087,1,0.0
3.4,3.65,nas20087,2,0.0
3.5,3.75,nas20087,3,0.0
3.6,3.85,nas20087,4,0.0
4.0,4.25,nas20087,5,0.0
4.1,4.35,nas20087,6,0.0
4.2,4.45,nas20087,7,0.0
4.3,4.55,nas20087,8,0.0
4.4,4.65,nas20087,9,0.0
4.8,5.05,nas20087,10,0.52
4.9,5.15,nas20087,11,0.92
5.0,5.25,nas20087,12,0.76
5.1,5.35,nas20087,13,0.36
5.5,5.75,nas20087,14,0.0
5.6,5.85,nas20087,15,0.0
5.7,5.95,nas20087,16,0.04
5.8,6.05,nas20087,17,0.44
5.9,6.15,nas20087,18,0.2
6.0,6.25,nas20087,19,1.0
6.1,6.35,nas20087,20,1.0
6.2,6.45,nas20087,21,0.8
6.3,6.55,nas20087,22,0.4
7.0,7.25,nas20087,23,0.0
7.1,7.35,nas20087,24,0.0
7.2,7.45,nas20087,25,0.0
7.3,7.55,nas20087,26,0.4
7.4,7.65,nas20087,27,0.0
7.5,7.75,nas20087,28,0.4
7.6,7.85,nas20087,29,0.0
7.7,7.95,nas20087,30,0.0
7.8,8.05,nas20087,31,0.08
7.9,8.15,nas20087,32,0.0
8.0,8.25,nas20087,33,0.08
8.1,8.35,nas20087,34,0.64
8.2,8.45,nas20087,35,0.88
8.3,8.55,nas20087,36,1.0
8.7,8.95,nas20087,37,0.0
8.8,9.05,nas20087,38,0.32
8.9,9.15,nas20087,39,0.72
9.0,9.25,nas20087,40,0.96
9.1,9.35,nas20087,41,0.56
9.2,9.45,nas20087,42,0.16
9.3,9.55,nas20087,43,0.0
9.4,9.65,nas20087,44,0.0
9.5,9.75,nas20087,45,0.0
9.6,9.85,nas20087,46,0.0
9.7,9.95,nas20087,47,0.0
9.8,10.05,nas20087,48,0.4
9.9,10.15,nas20087,49,0.0
10.0,10.25,nas20087,50,0.4
10.1,10.35,nas20087,51,0.0
10.6,10.85,nas20087,52,0.23
10.7,10.95,nas20087,53,0.0
10.8,11.05,nas20087,54,0.52
10.9,11.15,nas20087,55,0.0
11.0,11.25,nas20087,56,0.73
11.1,11.35,nas20087,57,0.0
11.2,11.45,nas20087,58,0.56
11.3,11.55,nas20087,59,0.16
11.4,11.65,nas20087,60,0.0
11.5,11.75,nas20087,61,0.0
11.6,11.85,nas20087,62,0.0
11.7,11.95,nas20087,63,0.0
11.8,12.05,nas20087,64,0.02
11.9,12.15,nas20087,65,0.42
12.0,12.25,nas20087,66,0.82
12.1,12.35,nas20087,67,0.76
12.2,12.45,nas20087,68,0.36
13.0,13.25,nas20087,69,0.64
13.1,13.35,nas20087,70,0.68
13.2,13.45,nas20087,71,0.28
13.3,13.55,nas20087,72,0.0
13.4,13.65,nas20087,73,0.0
13.5,13.75,nas20087,74,0.0
13.6,13.85,nas20087,75,0.02
13.7,13.95,nas20087,76,0.0
13.8,14.05,nas20087,77,0.0
13.9,14.15,nas20087,78,0.16
14.0,14.25,nas20087,79,0.0
14.1,14.35,nas20087,80,0.0
14.2,14.45,nas20087,81,0.0
14.3,14.55,nas20087,82,0.0
14.4,14.65,nas20087,83,0.0
14.5,14.75,nas20087,84,0.0
14.6,14.85,nas20087,85,0.0
14.7,14.95,nas20087,86,0.0
14.8,15.05,nas20087,87,0.0
16.4,16.65,nas20087,88,0.0
16.5,16.75,nas20087,89,0.0
16.6,16.85,nas20087,90,0.0
16.7,16.95,nas20087,91,0.0
16.8,17.05,nas20087,92,0.0
16.9,17.15,nas20087,93,0.0
17.0,17.25,nas20087,94,0.0
17.1,17.35,nas20087,95,0.0
17.2,17.45,nas20087,96,0.0
17.3,17.55,nas20087,97,0.0
17.4,17.65,nas20087,98,0.0
17.5,17.75,nas20087,99,0.0
17.6,17.85,nas20087,100,0.0
18.3,18.55,nas20087,101,0.37
18.4,18.65,nas20087,102,0.77
18.5,18.75,nas20087,103,0.67
18.6,18.85,nas20087,104,0.27
18.7,18.95,nas20087,105,0.0
18.8,19.05,nas20087,106,0.0
18.9,19.15,nas20087,107,0.0
19.0,19.25,nas20087,108,0.0
19.1,19.35,nas20087,109,0.0
19.2,19.45,nas20087,110,0.0
19.8,20.05,nas20087,111,0.0
19.9,20.15,nas20087,112,0.31
20.0,20.25,nas20087,113,0.0
20.1,20.35,nas20087,114,0.39
20.2,20.45,nas20087,115,0.0
20.3,20.55,nas20087,116,0.0
20.4,20.65,nas20087,117,0.0
20.9,21.15,nas20087,118,0.0
21.0,21.25,nas20087,119,0.55
21.1,21.35,nas20087,120,0.15
21.2,21.45,nas20087,121,0.0
21.3,21.55,nas20087,122,0.0
21.4,21.65,nas20087,123,0.0
21.5,21.75,nas20087,124,0.0
21.6,21.85,nas20087,125,0.0
24.8,25.05,nas20087,126,0.0
24.9,25.15,nas20087,127,0.0
25.0,25.25,nas20087,128,0.0
25.1,25.35,nas20087,129,0.0
25.2,25.45,nas20087,130,0.0
25.3,25.55,nas20087,131,0.0
25.4,25.65,nas20087,132,0.0
25.5,25.75,nas20087,133,0.0
25.6,25.85,nas20087,134,0.0
25.7,25.95,nas20087,135,0.0
25.8,26.05,nas20087,136,0.0
25.9,26.15,nas20087,137,0.0
26.0,26.25,nas20087,138,0.02
26.1,26.35,nas20087,139,0.42
26.2,26.45,nas20087,140,0.0
26.3,26.55,nas20087,141,0.5
26.4,26.65,nas20087,142,0.1
26.5,26.75,nas20087,143,0.0
26.6,26.85,nas20087,144,0.0
26.7,26.95,nas20087,145,0.14
26.8,27.05,nas20087,146,0.54
26.9,27.15,nas20087,147,0.94
27.0,27.25,nas20087,148,1.0
27.1,27.35,nas20087,149,1.0
27.6,27.85,nas20087,150,0.82
27.7,27.95,nas20087,151,1.0
27.8,28.05,nas20087,152,0.78
27.9,28.15,nas20087,153,0.38
28.0,28.25,nas20087,154,0.0
28.1,28.35,nas20087,155,0.02
28.2,28.45,nas20087,156,0.0
28.3,28.55,nas20087,157,0.26
28.4,28.65,nas20087,158,0.22
28.5,28.75,nas20087,159,0.22
28.6,28.85,nas20087,160,0.5
28.7,28.95,nas20087,161,0.1
28.8,29.05,nas20087,162,0.0
28.9,29.15,nas20087,163,0.0
30.3,30.55,nas20087,164,0.0
30.4,30.65,nas20087,165,0.0
30.5,30.75,nas20087,166,0.0
30.6,30.85,nas20087,167,0.0
30.7,30.95,nas20087,168,0.0
30.8,31.05,nas20087,169,0.0
30.9,31.15,nas20087,170,0.0
31.0,31.25,nas20087,171,0.0
31.1,31.35,nas20087,172,0.31
31.2,31.45,nas20087,173,0.0
31.3,31.55,nas20087,174,0.48
31.4,31.65,nas20087,175,0.08
31.5,31.75,nas20087,176,0.36
31.6,31.85,nas20087,177,0.76
31.7,31.95,nas20087,178,0.84
31.8,32.05,nas20087,179,0.44
32.3,32.55,nas20087,180,0.0
32.4,32.65,nas20087,181,0.0
32.5,32.75,nas20087,182,0.0
32.6,32.85,nas20087,183,0.0
32.7,32.95,nas20087,184,0.04
32.8,33.05,nas20087,185,0.44
32.9,33.15,nas20087,186,0.84
33.0,33.25,nas20087,187,1.0
33.1,33.35,nas20087,188,1.0
33.2,33.45,nas20087,189,1.0
33.3,33.55,nas20087,190,0.64
33.4,33.65,nas20087,191,0.24
34.1,34.35,nas20087,192,0.0
34.2,34.45,nas20087,193,0.0
34.3,34.55,nas20087,194,0.0
34.4,34.65,nas20087,195,0.0
34.8,35.05,nas20087,196,0.0
34.9,35.15,nas20087,197,0.0
35.0,35.25,nas20087,198,0.0
35.1,35.35,nas20087,199,0.0
35.5,35.75,nas20087,200,0.0
35.6,35.85,nas20087,201,0.0
35.7,35.95,nas20087,202,0.08
35.8,36.05,nas20087,203,0.48
35.9,36.15,nas20087,204,0.0
36.0,36.25,nas20087,205,0.36
36.1,36.35,nas20087,206,0.0
36.2,36.45,nas20087,207,0.03
36.3,36.55,nas20087,208,0.43
36.4,36.65,nas20087,209,0.0
36.5,36.75,nas20087,210,0.32
36.6,36.85,nas20087,211,0.0
36.7,36.95,nas20087,212,0.0
36.8,37.05,nas20087,213,0.0
36.9,37.15,nas20087,214,0.0
37.0,37.25,nas20087,215,0.0
37.1,37.35,nas20087,216,0.0
37.2,37.45,nas20087,217,0.0
38.1,38.35,nas20087,218,0.5
38.2,38.45,nas20087,219,0.1
38.3,38.55,nas20087,220,0.0
38.4,38.65,nas20087,221,0.0
38.5,38.75,nas20087,222,0.0
38.6,38.85,nas20087,223,0.0
38.7,38.95,nas20087,224,0.0
39.0,39.25,nas20087,225,0.0
39.1,39.35,nas20087,226,0.3
39.2,39.45,nas20087,227,0.06
39.3,39.55,nas20087,228,0.46
39.4,39.65,nas20087,229,0.86
40.4,40.65,nas20087,230,0.0
40.5,40.75,nas20087,231,0.0
40.6,40.85,nas20087,232,0.0
40.7,40.95,nas20087,233,0.0
40.8,41.05,nas20087,234,0.0
40.9,41.15,nas20087,235,0.0
41.0,41.25,nas20087,236,0.0
41.1,41.35,nas20087,237,0.0
41.2,41.45,nas20087,238,0.0
41.3,41.55,nas20087,239,0.0
41.4,41.65,nas20087,240,0.0
41.5,41.75,nas20087,241,0.38
41.6,41.85,nas20087,242,0.0
41.7,41.95,nas20087,243,0.42
41.8,42.05,nas20087,244,0.02
41.9,42.15,nas20087,245,0.0
42.0,42.25,nas20087,246,0.1
42.1,42.35,nas20087,247,0.5
42.2,42.45,nas20087,248,0.0
42.3,42.55,nas20087,249,0.6
42.4,42.65,nas20087,250,0.7
42.5,42.75,nas20087,251,0.9
42.6,42.85,nas20087,252,0.5
43.3,43.55,nas20087,253,0.0
43.4,43.65,nas20087,254,0.0
44.0,44.25,nas20087,255,0.18
44.1,44.35,nas20087,256,0.58
44.2,44.45,nas20087,257,0.98
48.8,49.05,nas20087,258,0.0
48.9,49.15,nas20087,259,0.0
49.0,49.25,nas20087,260,0.0
49.1,49.35,nas20087,261,0.0
49.2,49.45,nas20087,262,0.0
49.9,50.15,nas20087,263,0.0
50.0,50.25,nas20087,264,0.24
50.1,50.35,nas20087,265,0.0
50.2,50.45,nas20087,266,0.0
50.9,51.15,nas20087,267,0.24
51.0,51.25,nas20087,268,0.64
51.1,51.35,nas20087,269,0.68
51.2,51.45,nas20087,270,0.42
51.3,51.55,nas20087,271,0.0
51.4,51.65,nas20087,272,0.0
51.5,51.75,nas20087,273,0.12
51.6,51.85,nas20087,274,0.0
51.7,51.95,nas20087,275,0.0
51.8,52.05,nas20087,276,0.0
51.9,52.15,nas20087,277,0.0
52.0,52.25,nas20087,278,0.0
52.1,52.35,nas20087,279,0.0
53.1,53.35,nas20087,280,0.0
53.2,53.45,nas20087,281,0.0
53.3,53.55,nas20087,282,0.0
53.4,53.65,nas20087,283,0.11
53.5,53.75,nas20087,284,0.51
53.6,53.85,nas20087,285,0.0
53.7,53.95,nas20087,286,0.24
54.4,54.65,nas20087,287,0.0
54.9,55.15,nas20087,288,0.0
55.0,55.25,nas20087,289,0.0
55.1,55.35,nas20087,290,0.0
55.2,55.45,nas20087,291,0.0
55.3,55.55,nas20087,292,0.0
55.4,55.65,nas20087,293,0.0
55.5,55.75,nas20087,294,0.0
56.3,56.55,nas20087,295,0.0
56.4,56.65,nas20087,296,0.0
56.5,56.75,nas20087,297,0.0
56.6,56.85,nas20087,298,0.0
56.7,56.95,nas20087,299,0.0
56.8,57.05,nas20087,300,0.0
57.6,57.85,nas20087,301,0.11
57.7,57.95,nas20087,302,0.03
57.8,58.05,nas20087,303,0.0
57.9,58.15,nas20087,304,0.37
58.0,58.25,nas20087,305,0.0
58.1,58.35,nas20087,306,0.31
58.2,58.45,nas20087,307,0.0
58.6,58.85,nas20087,308,0.0
58.9,59.15,nas20087,309,0.0
59.0,59.25,nas20087,310,0.0
59.1,59.35,nas20087,311,0.0
59.2,59.45,nas20087,312,0.0
59.3,59.55,nas20087,313,0.0
59.4,59.65,nas20087,314,0.0
59.5,59.75,nas20087,315,0.0
60.7,60.95,nas20087,316,0.0
60.8,61.05,nas20087,317,0.0
60.9,61.15,nas20087,318,0.0
61.0,61.25,nas20087,319,0.0
61.1,61.35,nas20087,320,0.0
61.2,61.45,nas20087,321,0.0
61.3,61.55,nas20087,322,0.0
61.4,61.65,nas20087,323,0.0
61.5,61.75,nas20087,324,0.33
61.6,61.85,nas20087,325,0.73
61.7,61.95,nas20087,326,0.63
61.8,62.05,nas20087,327,0.23
61.9,62.15,nas20087,328,0.0
62.0,62.25,nas20087,329,0.33
62.1,62.35,nas20087,330,0.0
62.2,62.45,nas20087,331,0.31
63.2,63.45,nas20087,332,0.0
63.3,63.55,nas20087,333,0.0
63.4,63.65,nas20087,334,0.0
63.5,63.75,nas20087,335,0.0
63.6,63.85,nas20087,336,0.0
63.7,63.95,nas20087,337,0.0
63.8,64.05,nas20087,338,0.0
63.9,64.15,nas20087,339,0.16
64.0,64.25,nas20087,340,0.56
64.1,64.35,nas20087,341,0.0
64.2,64.45,nas20087,342,0.31
64.3,64.55,nas20087,343,0.0
64.4,64.65,nas20087,344,0.0
64.5,64.75,nas20087,345,0.0
64.6,64.85,nas20087,346,0.21
64.7,64.95,nas20087,347,0.61
64.8,65.05,nas20087,348,0.67
64.9,65.15,nas20087,349,0.27
65.8,66.05,nas20087,350,0.0
65.9,66.15,nas20087,351,0.0
66.0,66.25,nas20087,352,0.0
66.1,66.35,nas20087,353,0.0
66.2,66.45,nas20087,354,0.0
66.7,66.95,nas20087,355,1.0
66.8,67.05,nas20087,356,1.0
66.9,67.15,nas20087,357,1.0
67.0,67.25,nas20087,358,1.0
67.1,67.35,nas20087,359,1.0
68.7,68.95,nas20087,360,0.0
68.8,69.05,nas20087,361,0.57
68.9,69.15,nas20087,362,0.17
69.0,69.25,nas20087,363,0.0
69.1,69.35,nas20087,364,0.27
69.2,69.45,nas20087,365,0.67
69.3,69.55,nas20087,366,1.0
69.4,69.65,nas20087,367,0.49
69.5,69.75,nas20087,368,0.21
69.6,69.85,nas20087,369,0.61
70.6,70.85,nas20087,370,0.0
70.7,70.95,nas20087,371,0.14
70.8,71.05,nas20087,372,0.54
71.2,71.45,nas20087,373,0.0
71.3,71.55,nas20087,374,0.0
71.4,71.65,nas20087,375,0.0
71.5,71.75,nas20087,376,0.0
71.6,71.85,nas20087,377,0.0
75.4,75.65,nas20087,378,0.29
75.5,75.75,nas20087,379,0.0
75.6,75.85,nas20087,380,0.86
75.7,75.95,nas20087,381,0.09
75.8,76.05,nas20087,382,0.37
75.9,76.15,nas20087,383,0.15
76.0,76.25,nas20087,384,0.55
76.1,76.35,nas20087,385,0.95
76.2,76.45,nas20087,386,0.73
76.3,76.55,nas20087,387,0.33
76.4,76.65,nas20087,388,0.0
76.8,77.05,nas20087,389,0.0
76.9,77.15,nas20087,390,0.01
77.0,77.25,nas20087,391,0.0
77.1,77.35,nas20087,392,0.0
77.2,77.45,nas20087,393,0.0
77.6,77.85,nas20087,394,0.41
77.7,77.95,nas20087,395,0.01
77.8,78.05,nas20087,396,0.29
77.9,78.15,nas20087,397,0.69
78.0,78.25,nas20087,398,0.77
78.1,78.35,nas20087,399,0.37
78.2,78.45,nas20087,400,0.0
79.2,79.45,nas20087,401,0.64
79.3,79.55,nas20087,402,0.64
79.4,79.65,nas20087,403,0.24
79.5,79.75,nas20087,404,0.0
79.6,79.85,nas20087,405,0.0
79.7,79.95,nas20087,406,0.0
79.8,80.05,nas20087,407,0.0
79.9,80.15,nas20087,408,0.0
80.0,80.25,nas20087,409,0.0
80.1,80.35,nas20087,410,0.0
80.2,80.45,nas20087,411,0.0
80.3,80.55,nas20087,412,0.0
80.4,80.65,nas20087,413,0.0
80.5,80.75,nas20087,414,0.0
80.6,80.85,nas20087,415,0.0
81.0,81.25,nas20087,416,0.0
81.1,81.35,nas20087,417,0.0
81.2,81.45,nas20087,418,0.39
81.3,81.55,nas20087,419,0.0
81.4,81.65,nas20087,420,0.28
81.5,81.75,nas20087,421,0.0
81.6,81.85,nas20087,422,0.0
81.7,81.95,nas20087,423,0.0
81.8,82.05,nas20087,424,0.0
81.9,82.15,nas20087,425,0.0
82.0,82.25,nas20087,426,0.0
82.1,82.35,nas20087,427,0.0
82.2,82.45,nas20087,428,0.0
82.3,82.55,nas20087,429,0.28
82.4,82.65,nas20087,430,0.68
82.5,82.75,nas20087,431,0.64
82.6,82.85,nas20087,432,0.24
82.7,82.95,nas20087,433,0.0
82.8,83.05,nas20087,434,0.0
82.9,83.15,nas20087,435,0.0
83.0,83.25,nas20087,436,0.12
83.1,83.35,nas20087,437,0.52
83.2,83.45,nas20087,438,0.92
84.1,84.35,nas20087,439,0.0
84.2,84.45,nas20087,440,0.0
84.3,84.55,nas20087,441,0.0
84.4,84.65,nas20087,442,0.0
84.5,84.75,nas20087,443,0.0
84.6,84.85,nas20087,444,0.0
84.7,84.95,nas20087,445,0.21
84.8,85.05,nas20087,446,0.0
84.9,85.15,nas20087,447,0.42
85.8,86.05,nas20087,448,0.75
85.9,86.15,nas20087,449,1.0
86.0,86.25,nas20087,450,1.0
86.1,86.35,nas20087,451,1.0
86.9,87.15,nas20087,452,0.25
87.4,87.65,nas20087,453,0.0
87.5,87.75,nas20087,454,0.0
87.9,88.15,nas20087,455,0.0
88.0,88.25,nas20087,456,0.0
88.1,88.35,nas20087,457,0.0
88.2,88.45,nas20087,458,0.0
88.3,88.55,nas20087,459,0.09
88.4,88.65,nas20087,460,0.0
88.5,88.75,nas20087,461,0.0
88.6,88.85,nas20087,462,0.15
88.7,88.95,nas20087,463,0.0
88.8,89.05,nas20087,464,0.0
88.9,89.15,nas20087,465,0.0
89.5,89.75,nas20087,466,0.0
89.6,89.85,nas20087,467,0.0
89.7,89.95,nas20087,468,0.0
89.8,90.05,nas20087,469,0.01
89.9,90.15,nas20087,470,0.41
90.0,90.25,nas20087,471,0.81
90.4,90.65,nas20087,472,0.3
90.5,90.75,nas20087,473,0.0
90.6,90.85,nas20087,474,0.35
90.7,90.95,nas20087,475,0.0
90.8,91.05,nas20087,476,0.0
90.9,91.15,nas20087,477,0.0
91.0,91.25,nas20087,478,0.0
92.4,92.65,nas20087,479,0.0
92.5,92.75,nas20087,480,0.0
92.6,92.85,nas20087,481,0.0
92.7,92.95,nas20087,482,0.0
92.8,93.05,nas20087,483,0.0
93.9,94.15,nas20087,484,0.0
94.0,94.25,nas20087,485,0.0
94.1,94.35,nas20087,486,0.0
94.2,94.45,nas20087,487,0.0
94.3,94.55,nas20087,488,0.0
94.4,94.65,nas20087,489,0.0
94.5,94.75,nas20087,490,0.0
94.6,94.85,nas20087,491,0.0
94.7,94.95,nas20087,492,0.0
94.8,95.05,nas20087,493,0.0
94.9,95.15,nas20087,494,0.23
95.0,95.25,nas20087,495,0.63
98.3,98.55,nas20087,496,1.0
98.4,98.65,nas20087,497,0.97
98.5,98.75,nas20087,498,0.57
98.6,98.85,nas20087,499,0.17
99.0,99.25,nas20087,500,0.0
99.1,99.35,nas20087,501,0.0
99.2,99.45,nas20087,502,0.0
99.3,99.55,nas20087,503,0.0
99.4,99.65,nas20087,504,0.0
99.5,99.75,nas20087,505,0.0
99.6,99.85,nas20087,506,0.0
99.7,99.95,nas20087,507,0.0
99.8,100.05,nas20087,508,0.0
99.9,100.15,nas20087,509,0.0
100.0,100.25,nas20087,510,0.0
100.7,100.95,nas20087,511,0.11
100.8,101.05,nas20087,512,0.51
100.9,101.15,nas20087,513,0.0
101.0,101.25,nas20087,514,0.37
101.1,101.35,nas20087,515,0.17
101.2,101.45,nas20087,516,0.0
101.3,101.55,nas20087,517,0.39
101.4,101.65,nas20087,518,0.0
101.5,101.75,nas20087,519,0.41
102.6,102.85,nas20087,520,0.0
102.7,102.95,nas20087,521,0.31
102.8,103.05,nas20087,522,0.71
102.9,103.15,nas20087,523,0.69
103.0,103.25,nas20087,524,0.62
103.1,103.35,nas20087,525,0.73
103.2,103.45,nas20087,526,0.89
103.3,103.55,nas20087,527,0.89
103.4,103.65,nas20087,528,1.0
103.5,103.75,nas20087,529,0.21
103.6,103.85,nas20087,530,0.21
103.7,103.95,nas20087,531,0.0
103.8,104.05,nas20087,532,0.31
103.9,104.15,nas20087,533,0.71
104.0,104.25,nas20087,534,0.61
104.1,104.35,nas20087,535,0.22
104.2,104.45,nas20087,536,0.41
104.3,104.55,nas20087,537,0.0
104.4,104.65,nas20087,538,0.29
104.9,105.15,nas20087,539,0.6
105.0,105.25,nas20087,540,0.0
105.1,105.35,nas20087,541,0.49
105.2,105.45,nas20087,542,0.09
105.3,105.55,nas20087,543,0.0
105.4,105.65,nas20087,544,0.0
105.5,105.75,nas20087,545,0.0
105.6,105.85,nas20087,546,0.0
105.7,105.95,nas20087,547,0.35
107.4,107.65,nas20087,548,0.0
107.5,107.75,nas20087,549,0.0
107.6,107.85,nas20087,550,0.0
107.7,107.95,nas20087,551,0.0
107.8,108.05,nas20087,552,0.0
108.6,108.85,nas20087,553,0.0
108.7,108.95,nas20087,554,0.0
108.8,109.05,nas20087,555,0.0
108.9,109.15,nas20087,556,0.0
109.0,109.25,nas20087,557,0.0
109.1,109.35,nas20087,558,0.34
109.2,109.45,nas20087,559,0.0
109.3,109.55,nas20087,560,0.22
109.4,109.65,nas20087,561,0.0
109.5,109.75,nas20087,562,0.0
109.6,109.85,nas20087,563,0.0
109.7,109.95,nas20087,564,0.0
109.8,110.05,nas20087,565,0.0
109.9,110.15,nas20087,566,0.33
110.0,110.25,nas20087,567,0.0
110.1,110.35,nas20087,568,0.72
110.2,110.45,nas20087,569,0.02
110.3,110.55,nas20087,570,0.65
110.4,110.65,nas20087,571,0.0
110.5,110.75,nas20087,572,0.42
110.6,110.85,nas20087,573,0.02
110.7,110.95,nas20087,574,0.1
110.8,111.05,nas20087,575,0.0
110.9,111.15,nas20087,576,0.0
111.0,111.25,nas20087,577,0.14
111.1,111.35,nas20087,578,0.0
111.2,111.45,nas20087,579,0.0
111.3,111.55,nas20087,580,0.32
111.4,111.65,nas20087,581,0.0
111.5,111.75,nas20087,582,0.38
112.3,112.55,nas20087,583,0.0
112.4,112.65,nas20087,584,0.34
112.5,112.75,nas20087,585,0.0
112.6,112.85,nas20087,586,0.26
112.7,112.95,nas20087,587,0.0
112.8,113.05,nas20087,588,0.0
112.9,113.15,nas20087,589,0.0
113.0,113.25,nas20087,590,0.0
113.1,113.35,nas20087,591,0.0
113.2,113.45,nas20087,592,0.0
113.3,113.55,nas20087,593,0.0
113.4,113.65,nas20087,594,0.18
113.5,113.75,nas20087,595,0.58
113.6,113.85,nas20087,596,0.0
113.7,113.95,nas20087,597,0.5
113.8,114.05,nas20087,598,0.44
113.9,114.15,nas20087,599,0.0
114.0,114.25,nas20087,600,0.38
114.1,114.35,nas20087,601,0.27
114.2,114.45,nas20087,602,0.0
114.3,114.55,nas20087,603,0.42
115.0,115.25,nas20087,604,0.58
115.1,115.35,nas20087,605,0.18
115.2,115.45,nas20087,606,0.0
115.3,115.55,nas20087,607,0.18
115.4,115.65,nas20087,608,0.0
115.5,115.75,nas20087,609,0.0
115.6,115.85,nas20087,610,0.0
116.0,116.25,nas20087,611,0.86
116.1,116.35,nas20087,612,0.86
116.2,116.45,nas20087,613,0.02
116.3,116.55,nas20087,614,0.58
116.7,116.95,nas20087,615,0.58
116.8,117.05,nas20087,616,0.3
116.9,117.15,nas20087,617,0.0
117.0,117.25,nas20087,618,0.0
117.1,117.35,nas20087,619,0.18
118.5,118.75,nas20087,620,0.0
118.6,118.85,nas20087,621,0.0
118.7,118.95,nas20087,622,0.0
118.8,119.05,nas20087,623,0.0
118.9,119.15,nas20087,624,0.0
119.0,119.25,nas20087,625,0.0
119.1,119.35,nas20087,626,0.0
119.5,119.75,nas20087,627,0.54
119.6,119.85,nas20087,628,0.94
119.7,119.95,nas20087,629,0.78
119.8,120.05,nas20087,630,0.64
119.9,120.15,nas20087,631,0.18
120.0,120.25,nas20087,632,0.84
120.1,120.35,nas20087,633,0.0
120.2,120.45,nas20087,634,0.22
120.3,120.55,nas20087,635,0.16
120.4,120.65,nas20087,636,0.56
120.5,120.75,nas20087,637,0.0
120.6,120.85,nas20087,638,0.38
120.7,120.95,nas20087,639,0.0
120.8,121.05,nas20087,640,0.0
120.9,121.15,nas20087,641,0.0
121.0,121.25,nas20087,642,0.0
121.1,121.35,nas20087,643,0.0
121.2,121.45,nas20087,644,0.0
121.3,121.55,nas20087,645,0.0
125.6,125.85,nas20087,646,0.36
125.7,125.95,nas20087,647,0.0
125.8,126.05,nas20087,648,0.76
125.9,126.15,nas20087,649,0.79
126.0,126.25,nas20087,650,0.85
126.1,126.35,nas20087,651,0.45
126.2,126.45,nas20087,652,0.05
126.6,126.85,nas20087,653,0.0
126.7,126.95,nas20087,654,0.0
126.8,127.05,nas20087,655,0.0
129.1,129.35,nas20087,656,0.0
129.2,129.45,nas20087,657,0.0
129.3,129.55,nas20087,658,0.0
129.4,129.65,nas20087,659,0.21
129.5,129.75,nas20087,660,0.61
129.9,130.15,nas20087,661,0.0
130.0,130.25,nas20087,662,0.0
130.1,130.35,nas20087,663,0.0
130.2,130.45,nas20087,664,0.0
130.3,130.55,nas20087,665,0.0
130.4,130.65,nas20087,666,0.0
130.5,130.75,nas20087,667,0.0
130.6,130.85,nas20087,668,0.0
130.7,130.95,nas20087,669,0.0
130.8,131.05,nas20087,670,0.0
131.2,131.45,nas20087,671,0.37
131.3,131.55,nas20087,672,0.0
131.4,131.65,nas20087,673,0.47
131.5,131.75,nas20087,674,0.07
131.6,131.85,nas20087,675,0.0
131.7,131.95,nas20087,676,0.0
131.8,132.05,nas20087,677,0.0
132.5,132.75,nas20087,678,0.59
132.6,132.85,nas20087,679,0.19
132.7,132.95,nas20087,680,0.0
132.8,133.05,nas20087,681,0.0
132.9,133.15,nas20087,682,0.0
133.0,133.25,nas20087,683,0.0
133.1,133.35,nas20087,684,0.0
133.2,133.45,nas20087,685,0.0
133.6,133.85,nas20087,686,0.0
133.7,133.95,nas20087,687,0.55
133.8,134.05,nas20087,688,0.15
133.9,134.15,nas20087,689,0.0
134.0,134.25,nas20087,690,0.0
134.1,134.35,nas20087,691,0.0
134.2,134.45,nas20087,692,0.08
134.3,134.55,nas20087,693,0.48
134.4,134.65,nas20087,694,0.0
134.5,134.75,nas20087,695,0.47
134.6,134.85,nas20087,696,0.07
134.7,134.95,nas20087,697,0.0
134.8,135.05,nas20087,698,0.0
135.2,135.45,nas20087,699,0.17
135.3,135.55,nas20087,700,0.57
135.7,135.95,nas20087,701,0.0
135.8,136.05,nas20087,702,0.39
135.9,136.15,nas20087,703,0.0
136.0,136.25,nas20087,704,0.0
136.1,136.35,nas20087,705,0.0
136.2,136.45,nas20087,706,0.0
137.1,137.35,nas20087,707,0.03
137.2,137.45,nas20087,708,0.76
137.3,137.55,nas20087,709,0.83
137.4,137.65,nas20087,710,1.0
137.5,137.75,nas20087,711,0.76
138.0,138.25,nas20087,712,0.49
138.1,138.35,nas20087,713,0.09
138.2,138.45,nas20087,714,0.36
138.3,138.55,nas20087,715,0.76
138.4,138.65,nas20087,716,1.0
138.5,138.75,nas20087,717,0.77
138.6,138.85,nas20087,718,0.37
138.7,138.95,nas20087,719,0.0
138.8,139.05,nas20087,720,0.0
138.9,139.15,nas20087,721,0.0
139.0,139.25,nas20087,722,0.0
139.1,139.35,nas20087,723,0.0
139.2,139.45,nas20087,724,0.0
139.7,139.95,nas20087,725,0.0
139.8,140.05,nas20087,726,0.0
139.9,140.15,nas20087,727,0.0
140.4,140.65,nas20087,728,0.0
140.5,140.75,nas20087,729,0.0
140.6,140.85,nas20087,730,0.0
140.7,140.95,nas20087,731,0.0
141.6,141.85,nas20087,732,0.0
141.7,141.95,nas20087,733,0.0
141.8,142.05,nas20087,734,0.0
141.9,142.15,nas20087,735,0.0
142.0,142.25,nas20087,736,0.0
142.1,142.35,nas20087,737,0.0
142.2,142.45,nas20087,738,0.0
142.3,142.55,nas20087,739,0.0
142.4,142.65,nas20087,740,0.0
142.8,143.05,nas20087,741,0.0
142.9,143.15,nas20087,742,0.0
143.0,143.25,nas20087,743,0.11
143.1,143.35,nas20087,744,0.51
143.2,143.45,nas20087,745,0.31
143.3,143.55,nas20087,746,0.29
143.4,143.65,nas20087,747,0.69
143.5,143.75,nas20087,748,0.69
143.6,143.85,nas20087,749,0.0
144.0,144.25,nas20087,750,0.0
144.1,144.35,nas20087,751,0.0
144.2,144.45,nas20087,752,0.0
144.3,144.55,nas20087,753,0.0
145.9,146.15,nas20087,754,0.35
146.0,146.25,nas20087,755,0.05
146.1,146.35,nas20087,756,0.74
146.2,146.45,nas20087,757,0.0
146.3,146.55,nas20087,758,0.53
146.4,146.65,nas20087,759,0.13
146.5,146.75,nas20087,760,0.0
146.6,146.85,nas20087,761,0.0
146.7,146.95,nas20087,762,0.0
146.8,147.05,nas20087,763,0.0
146.9,147.15,nas20087,764,0.0
147.0,147.25,nas20087,765,0.28
147.1,147.35,nas20087,766,0.0
147.2,147.45,nas20087,767,0.7
147.3,147.55,nas20087,768,0.17
147.4,147.65,nas20087,769,0.0
147.5,147.75,nas20087,770,0.05
147.6,147.85,nas20087,771,0.0
147.7,147.95,nas20087,772,0.0
147.8,148.05,nas20087,773,0.0
148.6,148.85,nas20087,774,0.03
148.7,148.95,nas20087,775,0.0
148.8,149.05,nas20087,776,0.08
148.9,149.15,nas20087,777,0.65
149.0,149.25,nas20087,778,0.0
149.1,149.35,nas20087,779,0.57
149.9,150.15,nas20087,780,1.0
150.0,150.25,nas20087,781,0.69
150.1,150.35,nas20087,782,0.29
151.0,151.25,nas20087,783,0.0
151.1,151.35,nas20087,784,0.17
151.2,151.45,nas20087,785,0.0
151.3,151.55,nas20087,786,0.0
151.4,151.65,nas20087,787,0.0
151.5,151.75,nas20087,788,0.0
151.6,151.85,nas20087,789,0.0
151.7,151.95,nas20087,790,0.0
151.8,152.05,nas20087,791,0.0
151.9,152.15,nas20087,792,0.0
152.0,152.25,nas20087,793,0.0
152.1,152.35,nas20087,794,0.0
153.1,153.35,nas20087,795,0.0
153.2,153.45,nas20087,796,0.29
153.3,153.55,nas20087,797,0.0
153.4,153.65,nas20087,798,0.56
153.5,153.75,nas20087,799,0.28
153.6,153.85,nas20087,800,0.0
153.7,153.95,nas20087,801,0.2
153.8,154.05,nas20087,802,0.64
153.9,154.15,nas20087,803,1.0
154.0,154.25,nas20087,804,0.6
154.1,154.35,nas20087,805,0.2
154.5,154.75,nas20087,806,0.42
154.6,154.85,nas20087,807,0.2
154.7,154.95,nas20087,808,1.0
154.8,155.05,nas20087,809,0.04
154.9,155.15,nas20087,810,0.72
155.0,155.25,nas20087,811,0.0
155.1,155.35,nas20087,812,0.24
155.2,155.45,nas20087,813,0.0
155.3,155.55,nas20087,814,0.0
156.8,157.05,nas20087,815,0.0
156.9,157.15,nas20087,816,0.7
157.0,157.25,nas20087,817,0.0
157.1,157.35,nas20087,818,0.24
157.2,157.45,nas20087,819,0.0
157.3,157.55,nas20087,820,0.0
157.4,157.65,nas20087,821,0.0
157.5,157.75,nas20087,822,0.0
157.6,157.85,nas20087,823,0.0
157.7,157.95,nas20087,824,0.0
157.8,158.05,nas20087,825,0.24
157.9,158.15,nas20087,826,0.64
158.0,158.25,nas20087,827,0.8
158.1,158.35,nas20087,828,0.4
158.2,158.45,nas20087,829,0.0
159.1,159.35,nas20087,830,0.0
159.2,159.45,nas20087,831,0.44
159.3,159.55,nas20087,832,0.04
159.4,159.65,nas20087,833,0.36
159.5,159.75,nas20087,834,0.76
159.6,159.85,nas20087,835,1.0
159.7,159.95,nas20087,836,0.8
159.8,160.05,nas20087,837,0.4
160.2,160.45,nas20087,838,0.0
160.3,160.55,nas20087,839,0.0
160.4,160.65,nas20087,840,0.0
160.5,160.75,nas20087,841,0.0
160.6,160.85,nas20087,842,0.0
160.7,160.95,nas20087,843,0.0
161.1,161.35,nas20087,844,0.0
161.2,161.45,nas20087,845,0.0
161.3,161.55,nas20087,846,0.0
161.4,161.65,nas20087,847,0.0
161.5,161.75,nas20087,848,0.0
161.9,162.15,nas20087,849,0.0
162.0,162.25,nas20087,850,0.0
162.1,162.35,nas20087,851,0.0
162.2,162.45,nas20087,852,0.0
162.3,162.55,nas20087,853,0.0
163.0,163.25,nas20087,854,0.0
163.1,163.35,nas20087,855,0.0
163.2,163.45,nas20087,856,0.0
163.3,163.55,nas20087,857,0.0
163.4,163.65,nas20087,858,0.32
163.5,163.75,nas20087,859,0.0
163.6,163.85,nas20087,860,0.62
163.7,163.95,nas20087,861,0.74
163.8,164.05,nas20087,862,0.84
163.9,164.15,nas20087,863,0.44
164.0,164.25,nas20087,864,0.04
165.1,165.35,nas20087,865,0.0
165.2,165.45,nas20087,866,0.0
165.3,165.55,nas20087,867,0.0
165.4,165.65,nas20087,868,0.0
165.5,165.75,nas20087,869,0.39
165.6,165.85,nas20087,870,0.79
165.7,165.95,nas20087,871,0.61
165.8,166.05,nas20087,872,0.21
165.9,166.15,nas20087,873,0.0
166.4,166.65,nas20087,874,0.0
166.5,166.75,nas20087,875,0.0
166.6,166.85,nas20087,876,0.0
166.7,166.95,nas20087,877,0.0
166.8,167.05,nas20087,878,0.0
166.9,167.15,nas20087,879,0.0
167.0,167.25,nas20087,880,0.0
167.1,167.35,nas20087,881,0.0
167.2,167.45,nas20087,882,0.0
167.3,167.55,nas20087,883,0.0
167.4,167.65,nas20087,884,0.0
167.5,167.75,nas20087,885,0.0
171.0,171.25,nas20087,886,0.24
171.1,171.35,nas20087,887,0.36
171.2,171.45,nas20087,888,0.69
171.3,171.55,nas20087,889,0.0
171.4,171.65,nas20087,890,0.52
171.5,171.75,nas20087,891,0.12
171.6,171.85,nas20087,892,0.0
171.7,171.95,nas20087,893,0.0
171.8,172.05,nas20087,894,0.0
171.9,172.15,nas20087,895,0.0
172.0,172.25,nas20087,896,0.0
172.6,172.85,nas20087,897,0.48
172.7,172.95,nas20087,898,0.08
172.8,173.05,nas20087,899,0.0
172.9,173.15,nas20087,900,0.29
173.0,173.25,nas20087,901,0.69
173.1,173.35,nas20087,902,0.88
173.2,173.45,nas20087,903,0.78
173.3,173.55,nas20087,904,0.08
173.4,173.65,nas20087,905,0.4
173.5,173.75,nas20087,906,0.0
173.6,173.85,nas20087,907,0.0
173.7,173.95,nas20087,908,0.09
173.8,174.05,nas20087,909,0.0
173.9,174.15,nas20087,910,0.0
174.0,174.25,nas20087,911,0.08
174.1,174.35,nas20087,912,0.36
174.2,174.45,nas20087,913,0.0
174.3,174.55,nas20087,914,0.36
174.4,174.65,nas20087,915,0.0
174.5,174.75,nas20087,916,0.0
175.8,176.05,nas20087,917,0.0
175.9,176.15,nas20087,918,0.0
176.0,176.25,nas20087,919,0.36
176.1,176.35,nas20087,920,0.0
176.2,176.45,nas20087,921,0.29
176.3,176.55,nas20087,922,0.0
176.4,176.65,nas20087,923,0.0
176.9,177.15,nas20087,924,0.0
177.0,177.25,nas20087,925,0.07
177.1,177.35,nas20087,926,0.47
177.2,177.45,nas20087,927,0.0
177.3,177.55,nas20087,928,0.53
177.4,177.65,nas20087,929,0.3
177.5,177.75,nas20087,930,0.0
177.6,177.85,nas20087,931,0.0
177.7,177.95,nas20087,932,0.26
177.8,178.05,nas20087,933,0.57
178.5,178.75,nas20087,934,0.34
178.6,178.85,nas20087,935,0.0
178.7,178.95,nas20087,936,0.49
178.8,179.05,nas20087,937,0.46
178.9,179.15,nas20087,938,0.78
179.0,179.25,nas20087,939,1.0
179.1,179.35,nas20087,940,0.61
179.2,179.45,nas20087,941,0.21
179.8,180.05,nas20087,942,0.0
179.9,180.15,nas20087,943,0.88
180.0,180.25,nas20087,944,0.88
180.1,180.35,nas20087,945,1.0
180.2,180.45,nas20087,946,0.77
180.3,180.55,nas20087,947,0.37
180.4,180.65,nas20087,948,0.0
180.5,180.75,nas20087,949,0.0
180.6,180.85,nas20087,950,0.0
180.7,180.95,nas20087,951,0.0
180.8,181.05,nas20087,952,0.11
180.9,181.15,nas20087,953,0.0
181.0,181.25,nas20087,954,0.0
181.1,181.35,nas20087,955,0.3
181.2,181.45,nas20087,956,0.54
181.3,181.55,nas20087,957,0.0
181.4,181.65,nas20087,958,0.45
181.5,181.75,nas20087,959,0.05
181.6,181.85,nas20087,960,0.05
181.7,181.95,nas20087,961,0.0
181.8,182.05,nas20087,962,0.0
187.7,187.95,nas20087,963,0.0
187.8,188.05,nas20087,964,0.42
187.9,188.15,nas20087,965,0.02
188.0,188.25,nas20087,966,0.0
188.1,188.35,nas20087,967,0.0
188.2,188.45,nas20087,968,0.0
188.3,188.55,nas20087,969,0.0
188.8,189.05,nas20087,970,0.0
188.9,189.15,nas20087,971,0.0
189.0,189.25,nas20087,972,0.0
189.1,189.35,nas20087,973,0.0
189.2,189.45,nas20087,974,0.0
190.0,190.25,nas20087,975,0.0
190.1,190.35,nas20087,976,0.0
190.2,190.45,nas20087,977,0.06
190.3,190.55,nas20087,978,0.0
190.4,190.65,nas20087,979,0.3
190.5,190.75,nas20087,980,0.0
190.6,190.85,nas20087,981,0.56
190.7,190.95,nas20087,982,0.0
190.8,191.05,nas20087,983,0.34
190.9,191.15,nas20087,984,0.44
191.0,191.25,nas20087,985,0.84
191.9,192.15,nas20087,986,0.0
192.0,192.25,nas20087,987,0.14
192.1,192.35,nas20087,988,0.0
192.2,192.45,nas20087,989,0.14
192.3,192.55,nas20087,990,0.06
192.4,192.65,nas20087,991,0.24
192.5,192.75,nas20087,992,0.7
192.6,192.85,nas20087,993,1.0
192.7,192.95,nas20087,994,0.62
194.5,194.75,nas20087,995,0.0
194.6,194.85,nas20087,996,0.0
195.5,195.75,nas20087,997,0.42
195.6,195.85,nas20087,998,0.82
195.7,195.95,nas20087,999,1.0
195.8,196.05,nas20087,1000,1.0
195.9,196.15,nas20087,1001,0.94
196.0,196.25,nas20087,1002,0.54
196.9,197.15,nas20087,1003,0.0
197.0,197.25,nas20087,1004,0.2
197.1,197.35,nas20087,1005,0.5
197.2,197.45,nas20087,1006,0.9
197.3,197.55,nas20087,1007,1.0
197.4,197.65,nas20087,1008,0.94
197.5,197.75,nas20087,1009,0.54
198.0,198.25,nas20087,1010,0.72
198.1,198.35,nas20087,1011,0.98
198.2,198.45,nas20087,1012,0.58
198.3,198.55,nas20087,1013,0.54
198.4,198.65,nas20087,1014,0.76
198.9,199.15,nas20087,1015,0.0
199.0,199.25,nas20087,1016,0.62
199.1,199.35,nas20087,1017,0.0
199.2,199.45,nas20087,1018,0.26
199.3,199.55,nas20087,1019,0.0
199.4,199.65,nas20087,1020,0.32
199.5,199.75,nas20087,1021,0.72
199.6,199.85,nas20087,1022,1.0
199.7,199.95,nas20087,1023,0.86
199.8,200.05,nas20087,1024,0.46
200.3,200.55,nas20087,1025,0.0
200.4,200.65,nas20087,1026,0.0
200.5,200.75,nas20087,1027,0.0
200.6,200.85,nas20087,1028,0.02
200.7,200.95,nas20087,1029,0.42
200.8,201.05,nas20087,1030,0.22
200.9,201.15,nas20087,1031,0.84
201.0,201.25,nas20087,1032,1.0
201.1,201.35,nas20087,1033,1.0
201.2,201.45,nas20087,1034,0.98
201.3,201.55,nas20087,1035,0.58
202.7,202.95,nas20087,1036,1.0
202.8,203.05,nas20087,1037,1.0
202.9,203.15,nas20087,1038,0.72
203.0,203.25,nas20087,1039,0.66
203.1,203.35,nas20087,1040,0.74
203.2,203.45,nas20087,1041,0.8
203.3,203.55,nas20087,1042,0.4
203.4,203.65,nas20087,1043,0.0
203.5,203.75,nas20087,1044,0.0
203.6,203.85,nas20087,1045,0.0
203.7,203.95,nas20087,1046,0.12
203.8,204.05,nas20087,1047,0.02
203.9,204.15,nas20087,1048,0.42
204.0,204.25,nas20087,1049,0.82
204.1,204.35,nas20087,1050,0.88
204.2,204.45,nas20087,1051,0.48
204.3,204.55,nas20087,1052,0.08
204.4,204.65,nas20087,1053,0.0
204.5,204.75,nas20087,1054,0.0
204.6,204.85,nas20087,1055,0.36
204.7,204.95,nas20087,1056,0.76
204.8,205.05,nas20087,1057,1.0
204.9,205.15,nas20087,1058,1.0
205.9,206.15,nas20087,1059,0.0
206.0,206.25,nas20087,1060,0.0
206.1,206.35,nas20087,1061,0.0
206.2,206.45,nas20087,1062,0.0
206.3,206.55,nas20087,1063,0.0
206.4,206.65,nas20087,1064,0.0
207.3,207.55,nas20087,1065,0.0
207.4,207.65,nas20087,1066,0.0
207.5,207.75,nas20087,1067,0.08
207.6,207.85,nas20087,1068,0.06
207.7,207.95,nas20087,1069,0.0
207.8,208.05,nas20087,1070,0.12
207.9,208.15,nas20087,1071,0.12
208.0,208.25,nas20087,1072,0.0
208.1,208.35,nas20087,1073,0.34
208.2,208.45,nas20087,1074,0.66
209.2,209.45,nas20087,1075,0.24
209.3,209.55,nas20087,1076,0.64
209.4,209.65,nas20087,1077,1.0
209.5,209.75,nas20087,1078,0.8
209.6,209.85,nas20087,1079,0.4
211.1,211.35,nas20087,1080,0.0
211.2,211.45,nas20087,1081,0.0
211.3,211.55,nas20087,1082,0.04
211.4,211.65,nas20087,1083,0.44
211.5,211.75,nas20087,1084,0.0
211.6,211.85,nas20087,1085,0.44
211.7,211.95,nas20087,1086,0.04
211.8,212.05,nas20087,1087,0.0
211.9,212.15,nas20087,1088,0.0
212.0,212.25,nas20087,1089,0.0
212.1,212.35,nas20087,1090,0.0
213.0,213.25,nas20087,1091,0.0
213.1,213.35,nas20087,1092,0.0
213.2,213.45,nas20087,1093,0.0
213.3,213.55,nas20087,1094,0.0
213.4,213.65,nas20087,1095,0.36
213.5,213.75,nas20087,1096,0.0
213.6,213.85,nas20087,1097,0.62
213.7,213.95,nas20087,1098,0.0
213.8,214.05,nas20087,1099,0.24
213.9,214.15,nas20087,1100,0.0
214.0,214.25,nas20087,1101,0.04
214.1,214.35,nas20087,1102,0.44
214.2,214.45,nas20087,1103,0.84
214.3,214.55,nas20087,1104,0.6
215.2,215.45,nas20087,1105,0.0
215.3,215.55,nas20087,1106,0.4
215.4,215.65,nas20087,1107,0.0
215.5,215.75,nas20087,1108,0.0
215.6,215.85,nas20087,1109,0.39
215.7,215.95,nas20087,1110,0.79
216.7,216.95,nas20087,1111,0.0
216.8,217.05,nas20087,1112,0.38
216.9,217.15,nas20087,1113,0.0
217.0,217.25,nas20087,1114,0.3
217.1,217.35,nas20087,1115,0.7
217.2,217.45,nas20087,1116,1.0
217.3,217.55,nas20087,1117,1.0
217.7,217.95,nas20087,1118,0.78
217.8,218.05,nas20087,1119,0.7
217.9,218.15,nas20087,1120,0.3
218.0,218.25,nas20087,1121,0.18
218.1,218.35,nas20087,1122,0.58
218.2,218.45,nas20087,1123,0.0
218.3,218.55,nas20087,1124,0.38
218.4,218.65,nas20087,1125,0.0
218.5,218.75,nas20087,1126,0.26
218.6,218.85,nas20087,1127,0.66
219.3,219.55,nas20087,1128,0.0
219.4,219.65,nas20087,1129,0.0
219.5,219.75,nas20087,1130,0.0
219.6,219.85,nas20087,1131,0.32
220.4,220.65,nas20087,1132,0.0
220.5,220.75,nas20087,1133,0.37
220.6,220.85,nas20087,1134,0.0
220.7,220.95,nas20087,1135,0.41
220.8,221.05,nas20087,1136,0.5
220.9,221.15,nas20087,1137,0.0
221.0,221.25,nas20087,1138,0.51
221.1,221.35,nas20087,1139,0.12
221.2,221.45,nas20087,1140,0.19
221.3,221.55,nas20087,1141,0.0
221.4,221.65,nas20087,1142,0.15
221.5,221.75,nas20087,1143,0.0
221.6,221.85,nas20087,1144,0.15
221.7,221.95,nas20087,1145,0.33
221.8,222.05,nas20087,1146,0.0
221.9,222.15,nas20087,1147,0.64
222.0,222.25,nas20087,1148,0.77
222.1,222.35,nas20087,1149,0.95
222.2,222.45,nas20087,1150,0.55
222.3,222.55,nas20087,1151,0.15
222.4,222.65,nas20087,1152,0.36
222.5,222.75,nas20087,1153,0.76
222.6,222.85,nas20087,1154,0.99
222.7,222.95,nas20087,1155,0.59
223.7,223.95,nas20087,1156,0.21
223.8,224.05,nas20087,1157,0.61
223.9,224.15,nas20087,1158,1.0
224.0,224.25,nas20087,1159,0.75
224.1,224.35,nas20087,1160,0.44
224.2,224.45,nas20087,1161,0.0
224.3,224.55,nas20087,1162,0.0
224.4,224.65,nas20087,1163,0.0
224.8,225.05,nas20087,1164,0.47
224.9,225.15,nas20087,1165,0.0
225.0,225.25,nas20087,1166,0.92
225.1,225.35,nas20087,1167,0.19
225.2,225.45,nas20087,1168,0.27
225.3,225.55,nas20087,1169,0.0
225.4,225.65,nas20087,1170,0.17
225.5,225.75,nas20087,1171,0.57
225.6,225.85,nas20087,1172,0.97
226.1,226.35,nas20087,1173,0.0
226.2,226.45,nas20087,1174,0.0
226.3,226.55,nas20087,1175,0.0
226.4,226.65,nas20087,1176,0.0
226.5,226.75,nas20087,1177,0.25
226.6,226.85,nas20087,1178,0.05
226.7,226.95,nas20087,1179,1.0
226.8,227.05,nas20087,1180,0.15
226.9,227.15,nas20087,1181,0.26
227.0,227.25,nas20087,1182,0.43
227.1,227.35,nas20087,1183,0.83
227.6,227.85,nas20087,1184,0.49
227.7,227.95,nas20087,1185,0.0
227.8,228.05,nas20087,1186,0.27
227.9,228.15,nas20087,1187,0.29
228.0,228.25,nas20087,1188,0.69
228.1,228.35,nas20087,1189,0.63
228.2,228.45,nas20087,1190,0.23
228.3,228.55,nas20087,1191,0.0
228.4,228.65,nas20087,1192,0.0
228.5,228.75,nas20087,1193,0.0
229.3,229.55,nas20087,1194,0.04
229.4,229.65,nas20087,1195,0.44
229.5,229.75,nas20087,1196,0.0
229.6,229.85,nas20087,1197,0.68
229.7,229.95,nas20087,1198,0.68
229.8,230.05,nas20087,1199,1.0
229.9,230.15,nas20087,1200,0.79
230.0,230.25,nas20087,1201,0.39
230.4,230.65,nas20087,1202,0.45
230.5,230.75,nas20087,1203,0.0
230.6,230.85,nas20087,1204,0.8
230.7,230.95,nas20087,1205,0.8
230.8,231.05,nas20087,1206,1.0
230.9,231.15,nas20087,1207,1.0
231.0,231.25,nas20087,1208,0.71
232.5,232.75,nas20087,1209,0.0
232.6,232.85,nas20087,1210,0.0
232.7,232.95,nas20087,1211,0.0
232.8,233.05,nas20087,1212,0.0
232.9,233.15,nas20087,1213,0.0
233.0,233.25,nas20087,1214,0.12
233.1,233.35,nas20087,1215,0.52
233.2,233.45,nas20087,1216,0.0
233.3,233.55,nas20087,1217,0.47
233.4,233.65,nas20087,1218,0.07
233.5,233.75,nas20087,1219,0.0
233.6,233.85,nas20087,1220,0.0
233.7,233.95,nas20087,1221,0.0
234.7,234.95,nas20087,1222,0.46
234.8,235.05,nas20087,1223,0.0
234.9,235.15,nas20087,1224,0.39
235.0,235.25,nas20087,1225,0.0
235.1,235.35,nas20087,1226,0.0
235.2,235.45,nas20087,1227,0.0
236.1,236.35,nas20087,1228,0.0
236.2,236.45,nas20087,1229,0.47
236.3,236.55,nas20087,1230,0.07
236.4,236.65,nas20087,1231,0.0
236.5,236.75,nas20087,1232,0.0
236.6,236.85,nas20087,1233,0.0
236.7,236.95,nas20087,1234,0.0
236.8,237.05,nas20087,1235,0.1
236.9,237.15,nas20087,1236,0.5
237.4,237.65,nas20087,1237,0.0
237.5,237.75,nas20087,1238,0.0
237.6,237.85,nas20087,1239,0.37
